timestamp,tds,turbidity,leak,ph_value,ph_status_msg
2026-01-01 15:02:20.996534,126.35,2.4,False,7.763304702318415,safe
2026-01-01 15:03:20.996534,1070.69,4.84,False,7.60981773598721,safe
2026-01-01 15:12:20.996534,70.85,1.58,False,3.9824138040029737,warning: acidic
2026-01-01 15:26:20.996534,466.31,0.0,False,8.142283554856466,safe
2026-01-01 15:35:20.996534,165.97,175.46,False,5.531296031138777,warning: acidic
2026-01-01 15:45:20.996534,153.48,1.39,False,7.503265324627329,safe
2026-01-01 15:54:20.996534,1136.54,166.79,False,7.588488164123532,safe
2026-01-01 16:03:20.996534,173.48,2.04,False,4.656475141190326,warning: acidic
2026-01-01 16:22:20.996534,94.05,0.49,False,7.9396327939728035,safe
2026-01-01 16:30:20.996534,42.17,6.0,False,9.706970098479085,warning: basic
2026-01-01 16:33:20.996534,92.9,1.94,False,8.112749905812992,safe
2026-01-01 16:51:20.996534,72.86,18.06,False,7.9520713877682905,safe
2026-01-01 16:58:20.996534,1491.17,2.92,False,8.652264200298683,safe
2026-01-01 17:02:20.996534,109.11,134.38,False,7.0108706147434265,safe
2026-01-01 17:12:20.996534,104.65,12.26,False,10.48606156776157,warning: basic
2026-01-01 17:23:20.996534,85.22,9.11,False,6.50083335268317,safe
2026-01-01 17:35:20.996534,38.05,1.8,False,7.648510152947198,safe
2026-01-01 17:45:20.996534,81.53,15.79,False,6.914865181526534,safe
2026-01-01 18:00:20.996534,165.23,2.92,True,7.21131222816201,safe
2026-01-01 18:11:20.996534,309.13,246.22,False,10.38955299378901,warning: basic
2026-01-01 18:12:20.996534,44.08,18.9,False,7.797239686767687,safe
2026-01-01 18:30:20.996534,123.63,2.51,False,7.07751821286048,safe
2026-01-01 18:35:20.996534,1043.64,15.38,False,7.502269679436774,safe
2026-01-01 18:52:20.996534,65.9,0.89,False,7.8325592315395065,safe
2026-01-01 19:00:20.996534,1040.61,18.51,False,6.871980681302428,safe
2026-01-01 19:08:20.996534,92.62,4.91,False,5.510059644964721,warning: acidic
2026-01-01 19:15:20.996534,1014.85,1.67,False,10.025983673008021,warning: basic
2026-01-01 19:29:20.996534,1496.73,,False,10.397079545038357,warning: basic
2026-01-01 19:41:20.996534,128.26,113.55,False,,
2026-01-01 19:46:20.996534,90.84,84.1,False,6.706093421571608,safe
2026-01-01 19:52:20.996534,81.03,2.72,False,7.189265068579471,safe
2026-01-01 20:04:20.996534,1385.74,5.16,False,7.799853801691288,safe
2026-01-01 20:18:20.996534,89.23,0.61,False,8.189026596404457,safe
2026-01-01 20:27:20.996534,122.61,10.27,False,6.433668191131068,safe
2026-01-01 20:36:20.996534,312.07,5.46,False,10.095379914111053,warning: basic
2026-01-01 20:44:20.996534,41.6,2.16,False,6.892831881586707,safe
2026-01-01 20:55:20.996534,138.92,16.77,False,8.277741548581899,safe
2026-01-01 21:07:20.996534,80.06,2.07,False,6.701800973512706,safe
2026-01-01 21:13:20.996534,1255.69,5.89,False,6.938545714156157,safe
2026-01-01 21:23:20.996534,127.14,,False,10.693195592073957,warning: basic
2026-01-01 21:38:20.996534,92.8,2.9,False,7.9458144120562775,safe
2026-01-01 21:43:20.996534,74.23,2.82,False,10.033959828435732,warning: basic
2026-01-01 21:57:20.996534,54.15,1.38,False,7.784812226399962,safe
2026-01-01 22:07:20.996534,386.26,6.98,False,6.921481831505903,safe
2026-01-01 22:21:20.996534,114.32,24.59,False,,
2026-01-01 22:26:20.996534,110.03,15.13,False,7.1609539469481405,safe
2026-01-01 22:32:20.996534,97.86,2.94,False,7.710832049263825,safe
2026-01-01 22:49:20.996534,164.83,69.24,False,,
2026-01-01 23:00:20.996534,128.18,2.08,False,7.547864947671048,safe
2026-01-01 23:03:20.996534,596.03,2.07,False,6.883203725165752,safe
2026-01-01 23:18:20.996534,97.2,5.5,False,7.227915295520535,safe
2026-01-01 23:23:20.996534,1065.83,4.18,False,7.993206983730292,safe
2026-01-01 23:40:20.996534,456.94,1.4,False,7.360350232535929,safe
2026-01-01 23:46:20.996534,153.62,2.33,False,7.6051972288331955,safe
2026-01-02 00:02:20.996534,393.03,,False,8.4954276942664,safe
2026-01-02 00:11:20.996534,24.42,0.93,False,5.809881997743953,warning: acidic
2026-01-02 00:17:20.996534,46.78,2.45,False,8.318265303054202,safe
2026-01-02 00:31:20.996534,399.18,53.35,False,7.894929401255353,safe
2026-01-02 00:35:20.996534,126.18,4.33,False,6.783482577110556,safe
2026-01-02 00:43:20.996534,85.55,1.98,False,7.972783532155101,safe
2026-01-02 00:52:20.996534,159.01,116.74,False,7.107726447136199,safe
2026-01-02 01:12:20.996534,521.95,1.78,False,8.31369265782895,safe
2026-01-02 01:15:20.996534,179.36,112.03,False,7.226038659138691,safe
2026-01-02 01:26:20.996534,139.62,0.4,False,7.307363613838896,safe
2026-01-02 01:33:20.996534,39.64,2.35,False,8.200593129929974,safe
2026-01-02 01:45:20.996534,143.09,3.41,False,8.304191943138338,safe
2026-01-02 01:53:20.996534,88.12,8.01,False,6.695560184849353,safe
2026-01-02 02:08:20.996534,98.64,1.06,False,7.840142750151761,safe
2026-01-02 02:16:20.996534,20.98,4.81,False,,
2026-01-02 02:29:20.996534,399.04,1.59,False,8.645504497627071,safe
2026-01-02 02:42:20.996534,93.32,,False,7.403807292229608,safe
2026-01-02 02:47:20.996534,118.81,108.92,False,7.812983049393447,safe
2026-01-02 02:54:20.996534,534.37,0.0,False,6.475500961260831,safe
2026-01-02 03:07:20.996534,123.95,3.53,False,9.929597008401386,warning: basic
2026-01-02 03:17:20.996534,277.34,10.58,False,5.176299340675275,warning: acidic
2026-01-02 03:25:20.996534,121.34,3.11,False,8.114559989253028,safe
2026-01-02 03:42:20.996534,115.94,0.0,False,8.609268095623896,safe
2026-01-02 03:46:20.996534,1462.97,228.92,False,4.7487700031212885,warning: acidic
2026-01-02 04:02:20.996534,82.41,2.78,False,6.495355135137803,safe
2026-01-02 04:12:20.996534,44.85,1.96,False,8.224567583102141,safe
2026-01-02 04:13:20.996534,46.99,188.04,False,6.705983040287324,safe
2026-01-02 04:31:20.996534,104.21,4.23,False,7.520458432853093,safe
2026-01-02 04:42:20.996534,49.15,0.0,False,7.55313749409782,safe
2026-01-02 04:44:20.996534,1177.69,3.29,False,4.527935283124925,warning: acidic
2026-01-02 05:00:20.996534,85.98,1.47,False,7.922760391239598,safe
2026-01-02 05:05:20.996534,1122.54,165.1,False,7.965922370200401,safe
2026-01-02 05:14:20.996534,975.15,296.38,False,7.881666414027244,safe
2026-01-02 05:29:20.996534,111.67,149.73,False,9.41246465115363,warning: basic
2026-01-02 05:38:20.996534,318.39,1.25,False,8.145771369672191,safe
2026-01-02 05:46:20.996534,80.27,9.66,False,5.0417225038600755,warning: acidic
2026-01-02 06:02:20.996534,34.46,19.0,False,10.038332897945963,warning: basic
2026-01-02 06:10:20.996534,162.42,,False,8.257934960251486,safe
2026-01-02 06:15:20.996534,141.36,3.76,False,7.645646864282853,safe
2026-01-02 06:32:20.996534,86.76,17.49,False,8.449842843975013,safe
2026-01-02 06:37:20.996534,83.03,1.94,False,7.8148092241625005,safe
2026-01-02 06:42:20.996534,181.09,20.57,False,9.929351003132851,warning: basic
2026-01-02 06:55:20.996534,161.47,22.09,False,7.567917186884252,safe
2026-01-02 07:02:20.996534,183.18,178.41,False,7.927132712460013,safe
2026-01-02 07:17:20.996534,18.76,3.51,False,6.336771728385953,safe
2026-01-02 07:28:20.996534,104.52,138.15,False,7.920623699904942,safe
2026-01-02 07:36:20.996534,133.99,146.23,False,4.532974400217103,warning: acidic
2026-01-02 07:43:20.996534,181.35,25.45,False,7.214323381019453,safe
2026-01-02 07:55:20.996534,459.42,18.85,False,7.4960963146205355,safe
2026-01-02 08:11:20.996534,48.32,2.33,False,10.198705559943303,warning: basic
2026-01-02 08:17:20.996534,332.39,179.41,False,6.957516450496812,safe
2026-01-02 08:25:20.996534,98.77,2.26,False,6.8171431070500885,safe
2026-01-02 08:42:20.996534,52.06,1.64,False,7.322220147771725,safe
2026-01-02 08:49:20.996534,208.33,7.01,False,7.1619978736246095,safe
2026-01-02 08:58:20.996534,917.27,21.6,False,6.871630923222504,safe
2026-01-02 09:12:20.996534,95.71,5.63,False,6.7940081938338865,safe
2026-01-02 09:19:20.996534,448.12,2.1,False,7.021845552260934,safe
2026-01-02 09:24:20.996534,125.2,20.72,False,7.10171426355154,safe
2026-01-02 09:36:20.996534,1200.67,4.72,False,6.911045140291647,safe
2026-01-02 09:44:20.996534,184.67,,False,7.074706692413833,safe
2026-01-02 09:55:20.996534,111.9,181.58,False,6.933617164117989,safe
2026-01-02 10:10:20.996534,99.72,,False,7.534059045597165,safe
2026-01-02 10:20:20.996534,149.02,6.47,False,10.424645913097327,warning: basic
2026-01-02 10:26:20.996534,1257.14,,False,8.333922915640475,safe
2026-01-02 10:41:20.996534,113.07,18.08,False,6.804129318789987,safe
2026-01-02 10:48:20.996534,30.82,19.15,False,7.237983423431915,safe
2026-01-02 11:01:20.996534,77.16,,False,7.860346698102317,safe
2026-01-02 11:08:20.996534,103.45,2.16,False,6.460357159859481,safe
2026-01-02 11:17:20.996534,164.82,2.97,False,,
2026-01-02 11:25:20.996534,85.48,0.01,False,7.488783201957893,safe
2026-01-02 11:34:20.996534,107.45,1.4,False,7.55535358597827,safe
2026-01-02 11:50:20.996534,90.36,14.17,False,8.604710792729357,safe
2026-01-02 11:59:20.996534,115.09,98.67,False,8.211738868652338,safe
2026-01-02 12:03:20.996534,262.44,17.67,False,7.223421668576826,safe
2026-01-02 12:12:20.996534,145.79,457.21,False,9.067677431795516,warning: basic
2026-01-02 12:23:20.996534,117.59,17.26,False,7.0921139756786165,safe
2026-01-02 12:34:20.996534,59.52,2.0,False,8.09260796899421,safe
2026-01-02 12:52:20.996534,323.64,13.81,True,6.715833499203794,safe
2026-01-02 12:54:20.996534,90.94,235.33,False,8.173367767935737,safe
2026-01-02 13:12:20.996534,113.3,160.41,False,8.138424844936868,safe
2026-01-02 13:18:20.996534,56.29,5.22,False,6.6396551013228295,safe
2026-01-02 13:31:20.996534,147.42,196.79,False,6.715795048122057,safe
2026-01-02 13:33:20.996534,90.97,3.29,False,8.255616415546601,safe
2026-01-02 13:48:20.996534,1108.74,2.44,False,6.873745654403103,safe
2026-01-02 13:58:20.996534,25.75,4.99,False,7.061641528041628,safe
2026-01-02 14:11:20.996534,151.68,2.04,False,3.9221499257431236,warning: acidic
2026-01-02 14:19:20.996534,98.27,9.95,False,7.903211985546661,safe
2026-01-02 14:30:20.996534,431.26,0.01,False,,
2026-01-02 14:36:20.996534,1334.19,12.34,False,6.685744913815549,safe
2026-01-02 14:50:20.996534,321.3,15.86,False,8.116426935182906,safe
2026-01-02 14:52:20.996534,107.0,263.68,False,5.529985374208889,warning: acidic
2026-01-02 15:12:20.996534,380.17,4.15,False,6.667593564610804,safe
2026-01-02 15:13:20.996534,108.74,6.94,False,8.47480376087027,safe
2026-01-02 15:32:20.996534,74.69,6.94,False,6.518420062126641,safe
2026-01-02 15:40:20.996534,96.45,3.16,False,6.862236262284093,safe
2026-01-02 15:46:20.996534,68.2,,False,6.738945730877355,safe
2026-01-02 16:02:20.996534,579.57,0.0,False,7.533423479742598,safe
2026-01-02 16:07:20.996534,84.92,8.81,False,7.527041653303439,safe
2026-01-02 16:13:20.996534,125.34,101.04,False,7.1120800044166925,safe
2026-01-02 16:26:20.996534,372.98,0.65,False,8.614366576034664,safe
2026-01-02 16:38:20.996534,147.97,2.16,False,8.626437748158208,safe
2026-01-02 16:44:20.996534,134.97,17.61,False,8.118847457624899,safe
2026-01-02 16:59:20.996534,132.41,0.0,False,8.000561922354317,safe
2026-01-02 17:02:20.996534,572.68,4.22,False,10.252754207158526,warning: basic
2026-01-02 17:16:20.996534,165.96,191.52,False,7.924750862066357,safe
2026-01-02 17:30:20.996534,109.92,59.7,False,8.223670612300415,safe
2026-01-02 17:34:20.996534,79.27,0.0,False,5.433473623440217,warning: acidic
2026-01-02 17:50:20.996534,66.05,19.26,False,,
2026-01-02 17:53:20.996534,448.22,11.32,False,7.9436232047081825,safe
2026-01-02 18:12:20.996534,118.83,3.38,False,8.138842553347546,safe
2026-01-02 18:16:20.996534,132.87,,False,7.2939002715869785,safe
2026-01-02 18:32:20.996534,115.82,0.0,False,7.287553468167914,safe
2026-01-02 18:40:20.996534,122.23,5.49,False,7.143985541675431,safe
2026-01-02 18:51:20.996534,576.98,0.19,False,7.35707695019939,safe
2026-01-02 18:55:20.996534,204.75,9.05,False,,
2026-01-02 19:04:20.996534,99.24,100.67,False,4.510423715129416,warning: acidic
2026-01-02 19:17:20.996534,1125.65,1.33,False,6.865726764804161,safe
2026-01-02 19:24:20.996534,138.17,0.12,True,8.514368564495772,safe
2026-01-02 19:40:20.996534,166.87,106.55,False,6.745020540495608,safe
2026-01-02 19:50:20.996534,374.42,0.16,False,8.132550109249745,safe
2026-01-02 19:52:20.996534,137.11,296.83,False,7.805196719443423,safe
2026-01-02 20:11:20.996534,109.05,21.38,False,7.415282366823308,safe
2026-01-02 20:17:20.996534,174.79,157.13,False,6.549857683901649,safe
2026-01-02 20:29:20.996534,77.71,16.01,False,7.770851994386557,safe
2026-01-02 20:32:20.996534,463.75,13.39,False,6.556495320997646,safe
2026-01-02 20:43:20.996534,162.16,2.15,False,7.3910711715258115,safe
2026-01-02 20:57:20.996534,95.57,256.33,False,7.796640849780919,safe
2026-01-02 21:06:20.996534,1299.38,3.49,False,5.624293283512318,warning: acidic
2026-01-02 21:15:20.996534,125.05,0.0,False,6.915105328209452,safe
2026-01-02 21:22:20.996534,187.85,14.06,False,8.394364760803331,safe
2026-01-02 21:35:20.996534,1194.15,0.68,False,6.869595102863841,safe
2026-01-02 21:51:20.996534,30.39,23.0,False,4.615128623759369,warning: acidic
2026-01-02 21:53:20.996534,150.87,168.11,False,6.794289946389865,safe
2026-01-02 22:03:20.996534,98.4,3.8,False,,
2026-01-02 22:19:20.996534,69.37,58.75,False,,
2026-01-02 22:23:20.996534,1159.23,0.0,False,7.933855016193668,safe
2026-01-02 22:40:20.996534,153.44,4.21,False,7.953369895813264,safe
2026-01-02 22:44:20.996534,71.62,3.25,False,5.987007706867697,warning: acidic
2026-01-02 22:54:20.996534,104.51,2.74,False,5.110602093656424,warning: acidic
2026-01-02 23:12:20.996534,1156.83,1.19,False,,
2026-01-02 23:19:20.996534,151.78,2.0,False,7.478821510369331,safe
2026-01-02 23:30:20.996534,85.71,13.16,False,4.136030061719175,warning: acidic
2026-01-02 23:34:20.996534,55.95,4.01,False,7.668519092183232,safe
2026-01-02 23:46:20.996534,118.19,,False,6.761447820832211,safe
2026-01-03 00:00:20.996534,116.49,291.68,False,4.5125463931846035,warning: acidic
2026-01-03 00:11:20.996534,461.29,261.77,False,7.373382855292651,safe
2026-01-03 00:18:20.996534,1393.71,1.34,False,7.1474416237246245,safe
2026-01-03 00:25:20.996534,70.57,1.52,False,6.549334239283819,safe
2026-01-03 00:40:20.996534,1106.89,4.35,False,7.715871176244126,safe
2026-01-03 00:45:20.996534,82.76,2.43,False,11.133601455098422,warning: basic
2026-01-03 00:56:20.996534,109.48,4.78,False,7.816981352371944,safe
2026-01-03 01:08:20.996534,31.44,17.08,False,,
2026-01-03 01:22:20.996534,1473.66,2.64,False,,
2026-01-03 01:32:20.996534,66.14,17.67,False,7.316234715178488,safe
2026-01-03 01:37:20.996534,126.44,,False,7.178722503734077,safe
2026-01-03 01:49:20.996534,80.95,0.05,False,7.653833967421834,safe
2026-01-03 02:00:20.996534,91.5,466.57,False,6.872990017559433,safe
2026-01-03 02:09:20.996534,141.16,,False,6.598833101832886,safe
2026-01-03 02:13:20.996534,69.5,1.0,False,5.093788345964053,warning: acidic
2026-01-03 02:25:20.996534,410.0,21.06,False,8.433635604197253,safe
2026-01-03 02:35:20.996534,10.18,4.67,False,8.396160842854382,safe
2026-01-03 02:43:20.996534,939.9,21.92,True,8.436667008280317,safe
2026-01-03 02:57:20.996534,97.59,289.7,False,7.274423663971721,safe
2026-01-03 03:02:20.996534,90.0,92.6,False,8.312058432868566,safe
2026-01-03 03:21:20.996534,139.05,23.16,False,8.239600584284602,safe
2026-01-03 03:30:20.996534,88.07,2.61,False,7.947426696556104,safe
2026-01-03 03:35:20.996534,409.14,9.54,False,9.992708505755767,warning: basic
2026-01-03 03:51:20.996534,107.21,1.59,False,7.4321987112714485,safe
2026-01-03 03:55:20.996534,129.67,3.5,False,8.508865370012007,safe
2026-01-03 04:02:20.996534,1110.78,2.28,False,7.851292864560206,safe
2026-01-03 04:13:20.996534,66.11,3.36,False,5.177947480313569,warning: acidic
2026-01-03 04:32:20.996534,45.02,5.56,False,6.6729450043717975,safe
2026-01-03 04:32:20.996534,134.91,0.54,False,7.924863946965811,safe
2026-01-03 04:45:20.996534,1251.64,7.5,False,7.8334967083427705,safe
2026-01-03 04:53:20.996534,63.7,9.31,False,7.269912779219865,safe
2026-01-03 05:02:20.996534,92.41,24.27,False,7.899966506019279,safe
2026-01-03 05:17:20.996534,152.55,18.62,False,6.641463119817825,safe
2026-01-03 05:23:20.996534,105.25,219.1,False,7.188921577405486,safe
2026-01-03 05:40:20.996534,78.62,13.97,False,7.213104998686392,safe
2026-01-03 05:45:20.996534,101.96,10.5,False,7.839735579105685,safe
2026-01-03 05:56:20.996534,301.08,0.54,False,6.448735813729277,safe
2026-01-03 06:12:20.996534,85.17,13.95,False,4.776254546081335,warning: acidic
2026-01-03 06:19:20.996534,123.31,178.79,False,8.3647941635984,safe
2026-01-03 06:25:20.996534,156.86,3.4,False,8.035693091154704,safe
2026-01-03 06:40:20.996534,126.7,,False,7.533859479970989,safe
2026-01-03 06:44:20.996534,97.18,1.57,False,7.586934046940022,safe
2026-01-03 07:01:20.996534,315.11,,False,7.656468356519515,safe
2026-01-03 07:11:20.996534,32.24,23.02,False,6.440150879729706,safe
2026-01-03 07:19:20.996534,79.15,11.31,False,8.282229904177937,safe
2026-01-03 07:25:20.996534,37.62,20.12,False,6.151014170256473,warning: acidic
2026-01-03 07:39:20.996534,845.28,0.0,False,8.118423374097077,safe
2026-01-03 07:48:20.996534,1360.27,1.54,False,8.296129481951352,safe
2026-01-03 07:55:20.996534,74.48,2.79,False,6.812159618579616,safe
2026-01-03 08:03:20.996534,98.78,9.28,False,8.198639700464465,safe
2026-01-03 08:13:20.996534,103.91,3.5,False,6.532316949954734,safe
2026-01-03 08:32:20.996534,301.93,20.95,False,7.866056921510806,safe
2026-01-03 08:38:20.996534,143.37,9.54,False,7.256578757307642,safe
2026-01-03 08:47:20.996534,120.29,219.6,False,8.03210974020528,safe
2026-01-03 08:58:20.996534,854.44,2.0,False,8.564735076853257,safe
2026-01-03 09:08:20.996534,107.17,10.78,False,7.914293620049614,safe
2026-01-03 09:19:20.996534,119.56,5.26,False,4.717791861127798,warning: acidic
2026-01-03 09:22:20.996534,30.76,21.0,False,7.512516866014567,safe
2026-01-03 09:42:20.996534,37.16,2.24,False,9.976555175156081,warning: basic
2026-01-03 09:52:20.996534,160.65,24.37,False,7.107160986054295,safe
2026-01-03 10:02:20.996534,450.37,,False,6.546752060357124,safe
2026-01-03 10:03:20.996534,143.2,6.02,False,8.059976075759101,safe
2026-01-03 10:12:20.996534,161.63,2.89,False,,
2026-01-03 10:28:20.996534,370.67,259.0,False,9.226610571835884,warning: basic
2026-01-03 10:37:20.996534,74.91,2.11,False,6.66880938634651,safe
2026-01-03 10:43:20.996534,110.08,23.65,False,7.6084437538839085,safe
2026-01-03 10:55:20.996534,117.23,3.24,False,,
2026-01-03 11:05:20.996534,158.69,18.25,False,5.00348458523266,warning: acidic
2026-01-03 11:15:20.996534,97.99,24.24,False,,
2026-01-03 11:30:20.996534,269.55,4.33,False,7.966013456620512,safe
2026-01-03 11:39:20.996534,163.07,2.06,False,8.158750301534935,safe
2026-01-03 11:44:20.996534,431.94,5.93,False,6.853812431381257,safe
2026-01-03 11:58:20.996534,45.7,2.46,False,7.31322374488725,safe
2026-01-03 12:04:20.996534,512.29,170.02,False,8.047778371011681,safe
2026-01-03 12:16:20.996534,96.42,1.36,False,6.981359839067444,safe
2026-01-03 12:29:20.996534,541.12,8.76,False,4.879417834997212,warning: acidic
2026-01-03 12:35:20.996534,144.84,5.68,False,5.806686125064349,warning: acidic
2026-01-03 12:43:20.996534,127.54,3.85,False,,
2026-01-03 12:59:20.996534,163.63,,False,6.618457047779405,safe
2026-01-03 13:10:20.996534,53.23,135.47,False,7.2716225897311615,safe
2026-01-03 13:13:20.996534,1311.63,22.51,False,7.151819423715033,safe
2026-01-03 13:22:20.996534,152.39,0.58,False,6.65596415555748,safe
2026-01-03 13:42:20.996534,262.98,3.04,False,7.922517322343647,safe
2026-01-03 13:50:20.996534,151.78,2.72,False,7.7014608200664325,safe
2026-01-03 13:52:20.996534,135.04,11.41,False,7.984097954047705,safe
2026-01-03 14:03:20.996534,556.27,14.09,False,7.149619226912355,safe
2026-01-03 14:15:20.996534,49.26,169.38,False,,
2026-01-03 14:24:20.996534,101.59,0.92,False,6.484414707446989,safe
2026-01-03 14:38:20.996534,423.97,188.93,False,8.224199429229595,safe
2026-01-03 14:49:20.996534,144.27,0.37,False,7.7016085500979985,safe
2026-01-03 14:59:20.996534,122.29,4.84,False,7.409566979067991,safe
2026-01-03 15:05:20.996534,96.48,19.89,False,7.842787175073728,safe
2026-01-03 15:18:20.996534,80.08,0.0,False,7.376378261947752,safe
2026-01-03 15:22:20.996534,862.72,0.0,False,7.511921257546773,safe
2026-01-03 15:34:20.996534,72.87,2.82,False,8.141445636551298,safe
2026-01-03 15:48:20.996534,168.93,6.85,False,7.657084046661311,safe
2026-01-03 15:52:20.996534,1421.21,18.38,False,6.704191899731668,safe
2026-01-03 16:08:20.996534,44.92,15.67,False,7.6698082433288075,safe
2026-01-03 16:16:20.996534,118.59,3.09,False,6.707489041918961,safe
2026-01-03 16:29:20.996534,99.2,483.04,False,7.6436900273535535,safe
2026-01-03 16:36:20.996534,86.73,5.78,False,8.163800674281763,safe
2026-01-03 16:48:20.996534,425.75,205.41,False,10.452021139036296,warning: basic
2026-01-03 17:00:20.996534,239.97,,False,,
2026-01-03 17:12:20.996534,29.87,3.17,True,7.072152685034511,safe
2026-01-03 17:19:20.996534,1301.86,13.8,False,5.323479168944457,warning: acidic
2026-01-03 17:24:20.996534,156.88,0.0,False,7.855769628828176,safe
2026-01-03 17:35:20.996534,130.42,17.34,False,7.602746601444647,safe
2026-01-03 17:46:20.996534,153.34,188.9,False,4.491335373779487,warning: acidic
2026-01-03 17:55:20.996534,129.48,,True,7.004366153239675,safe
2026-01-03 18:02:20.996534,931.87,25.54,False,6.664796138471857,safe
2026-01-03 18:21:20.996534,113.95,1.78,False,7.458032185146422,safe
2026-01-03 18:30:20.996534,487.34,5.27,False,8.220167643459114,safe
2026-01-03 18:32:20.996534,151.81,,False,7.525924764578051,safe
2026-01-03 18:47:20.996534,167.1,236.57,False,7.157849148720164,safe
2026-01-03 18:52:20.996534,66.11,3.41,False,7.920582479785341,safe
2026-01-03 19:02:20.996534,152.17,175.69,False,7.9726284908600515,safe
2026-01-03 19:21:20.996534,162.44,12.74,False,6.815377857219176,safe
2026-01-03 19:29:20.996534,98.01,0.94,False,6.951605155479626,safe
2026-01-03 19:40:20.996534,161.53,19.99,False,7.019308127084046,safe
2026-01-03 19:50:20.996534,101.18,17.7,False,5.060922162910983,warning: acidic
2026-01-03 19:54:20.996534,560.02,2.31,False,8.227496745131704,safe
2026-01-03 20:02:20.996534,225.78,3.43,False,7.574312259776289,safe
2026-01-03 20:20:20.996534,1436.94,2.88,False,5.32344662695432,warning: acidic
2026-01-03 20:23:20.996534,91.78,0.98,False,8.116250080798238,safe
2026-01-03 20:34:20.996534,167.91,14.57,False,7.966358718242674,safe
2026-01-03 20:43:20.996534,193.41,4.28,False,6.478810693524491,safe
2026-01-03 21:01:20.996534,121.8,2.99,False,7.609522992813561,safe
2026-01-03 21:03:20.996534,39.01,6.64,False,6.715371132556606,safe
2026-01-03 21:22:20.996534,130.49,273.0,False,7.551784897360879,safe
2026-01-03 21:25:20.996534,134.55,2.06,False,8.191212260760075,safe
2026-01-03 21:38:20.996534,554.02,3.57,False,10.622111304993057,warning: basic
2026-01-03 21:43:20.996534,59.11,3.11,False,7.645331975878861,safe
2026-01-03 22:01:20.996534,218.48,20.16,False,6.794980559334808,safe
2026-01-03 22:05:20.996534,1194.44,0.0,False,6.950708825774208,safe
2026-01-03 22:21:20.996534,169.11,,False,7.494440558827838,safe
2026-01-03 22:31:20.996534,71.03,,False,7.949343685882157,safe
2026-01-03 22:32:20.996534,184.78,109.1,False,8.284271497724585,safe
2026-01-03 22:51:20.996534,127.21,,False,8.487218397844424,safe
2026-01-03 22:53:20.996534,223.05,3.95,False,7.9303441184524015,safe
2026-01-03 23:08:20.996534,132.89,20.53,False,8.422784724809281,safe
2026-01-03 23:22:20.996534,429.89,106.95,False,7.799335253058956,safe
2026-01-03 23:31:20.996534,39.51,10.01,False,7.7602067593598845,safe
2026-01-03 23:41:20.996534,96.5,259.35,False,6.352568839342905,safe
2026-01-03 23:50:20.996534,176.12,2.29,False,7.321585474883976,safe
2026-01-03 23:57:20.996534,171.2,0.1,False,7.5238055239338255,safe
2026-01-04 00:06:20.996534,359.09,11.94,False,7.355208486854846,safe
2026-01-04 00:15:20.996534,29.47,2.61,False,4.51712018875065,warning: acidic
2026-01-04 00:32:20.996534,149.84,212.3,False,8.419373104280389,safe
2026-01-04 00:37:20.996534,267.86,6.01,False,7.7282238699717,safe
2026-01-04 00:45:20.996534,27.2,190.08,False,10.652455442498852,warning: basic
2026-01-04 00:56:20.996534,143.28,0.0,False,8.144120724111025,safe
2026-01-04 01:08:20.996534,80.15,2.23,False,7.3913283091135416,safe
2026-01-04 01:14:20.996534,40.77,22.12,False,7.036910533934255,safe
2026-01-04 01:32:20.996534,118.56,0.24,False,7.654126315687204,safe
2026-01-04 01:42:20.996534,248.41,1.87,False,7.204385272950391,safe
2026-01-04 01:46:20.996534,149.53,157.11,False,7.942090103988041,safe
2026-01-04 01:59:20.996534,54.29,2.77,False,7.526867563833664,safe
2026-01-04 02:07:20.996534,133.58,19.95,False,7.137778575368167,safe
2026-01-04 02:13:20.996534,513.67,231.41,False,8.406776598331499,safe
2026-01-04 02:22:20.996534,1427.61,,False,7.87749279786593,safe
2026-01-04 02:39:20.996534,38.46,2.22,False,3.958059958454985,warning: acidic
2026-01-04 02:51:20.996534,154.28,85.17,False,8.434571113879134,safe
2026-01-04 03:01:20.996534,120.48,5.7,False,9.872781831926705,warning: basic
2026-01-04 03:03:20.996534,94.88,70.12,False,7.5479131764949745,safe
2026-01-04 03:13:20.996534,129.44,19.0,False,6.493987663428005,safe
2026-01-04 03:30:20.996534,68.44,124.43,False,7.09846630548486,safe
2026-01-04 03:35:20.996534,94.81,4.05,False,7.596725789283655,safe
2026-01-04 03:50:20.996534,482.54,16.88,False,7.274632025731635,safe
2026-01-04 03:56:20.996534,1249.05,19.59,False,7.860614608792719,safe
2026-01-04 04:04:20.996534,87.21,4.17,False,7.1377160641273045,safe
2026-01-04 04:17:20.996534,108.61,3.4,False,8.2547699065089,safe
2026-01-04 04:23:20.996534,107.26,3.62,False,7.646535540290029,safe
2026-01-04 04:35:20.996534,1.91,2.8,False,6.639721859265609,safe
2026-01-04 04:47:20.996534,111.08,0.0,False,7.977731715980447,safe
2026-01-04 04:56:20.996534,47.88,8.5,False,7.8946411769389195,safe
2026-01-04 05:04:20.996534,45.1,,False,,
2026-01-04 05:19:20.996534,75.39,0.58,False,6.777351745166234,safe
2026-01-04 05:30:20.996534,115.06,0.0,False,8.077805681334658,safe
2026-01-04 05:36:20.996534,154.0,1.89,False,8.38326658850117,safe
2026-01-04 05:51:20.996534,164.41,5.63,False,7.889458719709222,safe
2026-01-04 06:02:20.996534,49.69,14.48,False,8.335858198102045,safe
2026-01-04 06:10:20.996534,457.33,251.01,False,7.138022617404434,safe
2026-01-04 06:12:20.996534,181.03,1.99,False,8.385381006177656,safe
2026-01-04 06:32:20.996534,64.7,255.63,False,4.285345808221341,warning: acidic
2026-01-04 06:40:20.996534,133.74,145.47,False,8.257323882317097,safe
2026-01-04 06:46:20.996534,1248.81,4.15,False,8.16142135904877,safe
2026-01-04 07:02:20.996534,96.03,5.01,False,7.228160398516154,safe
2026-01-04 07:03:20.996534,68.97,4.33,False,4.553671055275568,warning: acidic
2026-01-04 07:14:20.996534,196.34,22.28,False,6.373745511959536,safe
2026-01-04 07:26:20.996534,564.35,4.07,False,8.252047763338734,safe
2026-01-04 07:33:20.996534,69.54,1.52,False,8.233197161176175,safe
2026-01-04 07:43:20.996534,46.49,0.0,False,6.997990454202657,safe
2026-01-04 08:00:20.996534,65.19,0.0,False,7.382002888768008,safe
2026-01-04 08:04:20.996534,45.19,24.37,False,7.7608569962965355,safe
2026-01-04 08:16:20.996534,47.73,4.1,False,,
2026-01-04 08:26:20.996534,191.19,156.3,False,5.152106534794327,warning: acidic
2026-01-04 08:41:20.996534,144.62,0.05,False,6.799175369153636,safe
2026-01-04 08:45:20.996534,144.02,5.0,False,7.68553760854496,safe
2026-01-04 08:57:20.996534,104.95,16.08,False,8.373328419602043,safe
2026-01-04 09:05:20.996534,43.45,0.8,False,6.677769420338294,safe
2026-01-04 09:22:20.996534,148.97,226.75,False,7.078534248413981,safe
2026-01-04 09:32:20.996534,133.1,4.26,False,8.17329684184579,safe
2026-01-04 09:36:20.996534,97.13,0.0,False,6.623549832868568,safe
2026-01-04 09:50:20.996534,109.89,,False,8.304946716376582,safe
2026-01-04 09:59:20.996534,123.45,14.84,False,8.18046084852322,safe
2026-01-04 10:06:20.996534,66.0,9.79,False,6.669776627793992,safe
2026-01-04 10:12:20.996534,1322.25,4.73,False,8.117920100988416,safe
2026-01-04 10:23:20.996534,150.91,1.2,False,,
2026-01-04 10:42:20.996534,1183.04,12.79,False,,
2026-01-04 10:48:20.996534,533.65,0.0,False,7.5672628637353885,safe
2026-01-04 10:56:20.996534,80.33,2.69,False,8.70075110109021,safe
2026-01-04 11:02:20.996534,111.47,4.2,False,7.074691633054794,safe
2026-01-04 11:12:20.996534,110.35,11.97,False,7.529694494839336,safe
2026-01-04 11:27:20.996534,129.16,2.04,False,6.85159352393833,safe
2026-01-04 11:34:20.996534,111.41,12.08,False,7.814424179069755,safe
2026-01-04 11:52:20.996534,94.07,6.63,False,6.715716183223125,safe
2026-01-04 11:56:20.996534,1205.4,2.92,False,7.676441589427705,safe
2026-01-04 12:04:20.996534,60.72,11.59,False,,
2026-01-04 12:19:20.996534,71.58,3.54,False,8.369916094471348,safe
2026-01-04 12:30:20.996534,89.69,0.0,False,9.156784012150531,warning: basic
2026-01-04 12:38:20.996534,523.91,24.9,False,8.102001710564698,safe
2026-01-04 12:50:20.996534,103.93,2.3,False,7.760078566987536,safe
2026-01-04 12:52:20.996534,99.55,5.96,False,7.1803055416772095,safe
2026-01-04 13:03:20.996534,106.23,58.86,False,7.4952207499237264,safe
2026-01-04 13:13:20.996534,89.18,4.32,False,6.828425980695274,safe
2026-01-04 13:24:20.996534,168.01,11.45,False,7.707341280896668,safe
2026-01-04 13:40:20.996534,181.6,3.62,False,7.408382315541699,safe
2026-01-04 13:42:20.996534,232.27,3.03,False,8.42670165467264,safe
2026-01-04 13:57:20.996534,564.88,0.75,False,6.675322564893287,safe
2026-01-04 14:11:20.996534,1358.25,0.62,False,7.348874481152832,safe
2026-01-04 14:20:20.996534,463.09,24.53,False,,
2026-01-04 14:24:20.996534,57.68,0.0,False,6.360955188972688,safe
2026-01-04 14:38:20.996534,92.6,18.19,False,7.535052380930632,safe
2026-01-04 14:44:20.996534,78.16,269.83,False,6.9493849622424655,safe
2026-01-04 14:52:20.996534,258.73,2.22,False,7.4769900058540175,safe
2026-01-04 15:06:20.996534,85.44,,False,7.418552244774906,safe
2026-01-04 15:17:20.996534,438.12,3.19,False,6.782678230554447,safe
2026-01-04 15:22:20.996534,70.82,3.35,False,6.43438150136301,safe
2026-01-04 15:37:20.996534,58.61,10.36,False,8.259910681621383,safe
2026-01-04 15:45:20.996534,887.76,1.62,False,10.482329634913906,warning: basic
2026-01-04 16:02:20.996534,109.75,3.03,False,7.075294483017434,safe
2026-01-04 16:05:20.996534,121.91,205.71,False,5.736967559880676,warning: acidic
2026-01-04 16:22:20.996534,581.79,230.46,False,8.237533361180013,safe
2026-01-04 16:23:20.996534,577.85,8.98,False,6.516546999895453,safe
2026-01-04 16:37:20.996534,147.67,,False,7.687988517161332,safe
2026-01-04 16:50:20.996534,468.43,126.73,False,8.209575734634026,safe
2026-01-04 16:58:20.996534,301.51,0.92,False,6.740390364449619,safe
2026-01-04 17:11:20.996534,156.96,18.75,False,7.534491071569177,safe
2026-01-04 17:14:20.996534,81.26,1.49,False,7.120381416792983,safe
2026-01-04 17:25:20.996534,848.31,6.78,False,8.143127863206418,safe
2026-01-04 17:34:20.996534,67.88,6.48,False,,
2026-01-04 17:44:20.996534,101.96,2.16,False,8.053928480771523,safe
2026-01-04 17:58:20.996534,1025.14,,False,7.491516469028056,safe
2026-01-04 18:02:20.996534,1461.09,3.72,False,8.087692298275993,safe
2026-01-04 18:14:20.996534,100.43,161.41,False,6.814234027609418,safe
2026-01-04 18:27:20.996534,121.2,0.69,False,7.234664853690385,safe
2026-01-04 18:38:20.996534,74.96,90.59,False,10.651004322009737,warning: basic
2026-01-04 18:52:20.996534,175.95,3.46,False,5.26703403596115,warning: acidic
2026-01-04 18:55:20.996534,259.12,2.59,False,8.527526456581846,safe
2026-01-04 19:06:20.996534,80.68,0.0,False,7.815223855219556,safe
2026-01-04 19:14:20.996534,474.48,2.59,False,6.660664345494146,safe
2026-01-04 19:23:20.996534,55.77,12.91,False,9.478356624032475,warning: basic
2026-01-04 19:38:20.996534,1017.21,177.9,False,10.365061099086098,warning: basic
2026-01-04 19:42:20.996534,24.35,2.22,False,7.676330525714589,safe
2026-01-04 19:59:20.996534,83.23,0.88,False,5.224377385774221,warning: acidic
2026-01-04 20:05:20.996534,829.57,4.59,False,8.235863517208253,safe
2026-01-04 20:15:20.996534,856.6,2.22,False,6.885162043074106,safe
2026-01-04 20:29:20.996534,194.72,250.71,False,8.015893717949005,safe
2026-01-04 20:37:20.996534,49.52,23.08,False,9.187397320089572,warning: basic
2026-01-04 20:46:20.996534,609.05,11.65,False,7.097163256853495,safe
2026-01-04 20:55:20.996534,55.46,8.75,False,8.377702452006789,safe
2026-01-04 21:05:20.996534,54.74,11.75,False,7.66766796962452,safe
2026-01-04 21:12:20.996534,92.37,3.02,False,7.958759702972232,safe
2026-01-04 21:32:20.996534,209.73,12.31,False,8.52222745906565,safe
2026-01-04 21:35:20.996534,124.15,26.67,False,7.961982285177261,safe
2026-01-04 21:48:20.996534,142.99,25.48,False,8.249555911228677,safe
2026-01-04 21:57:20.996534,62.63,4.36,False,7.113633741015918,safe
2026-01-04 22:06:20.996534,376.61,1.43,False,6.9139047614386335,safe
2026-01-04 22:13:20.996534,107.44,52.5,False,,
2026-01-04 22:26:20.996534,248.83,1.95,False,7.833101267263199,safe
2026-01-04 22:37:20.996534,88.75,2.54,False,5.411478693728234,warning: acidic
2026-01-04 22:52:20.996534,347.83,213.01,False,7.633110236367155,safe
2026-01-04 23:00:20.996534,64.85,22.8,False,,
2026-01-04 23:08:20.996534,85.16,175.22,False,7.768928288816205,safe
2026-01-04 23:22:20.996534,513.74,263.77,False,10.875562036180716,warning: basic
2026-01-04 23:30:20.996534,1358.12,75.5,False,7.360286437640629,safe
2026-01-04 23:37:20.996534,436.41,0.31,False,,
2026-01-04 23:42:20.996534,130.85,1.72,False,8.024202681780215,safe
2026-01-04 23:53:20.996534,134.68,288.69,False,7.945660690804418,safe
2026-01-05 00:06:20.996534,117.4,4.27,False,,
2026-01-05 00:14:20.996534,597.59,5.92,False,8.394132224293326,safe
2026-01-05 00:31:20.996534,104.78,205.86,False,8.279385478612113,safe
2026-01-05 00:36:20.996534,110.89,178.97,False,7.485424054688136,safe
2026-01-05 00:42:20.996534,109.09,3.04,False,6.9015620029422875,safe
2026-01-05 00:53:20.996534,57.76,1.51,False,,
2026-01-05 01:11:20.996534,273.46,19.86,False,7.348436807531444,safe
2026-01-05 01:18:20.996534,57.22,0.0,False,7.340888485966964,safe
2026-01-05 01:27:20.996534,447.37,223.18,False,7.444156485050411,safe
2026-01-05 01:37:20.996534,122.36,0.4,False,4.142423905318913,warning: acidic
2026-01-05 01:48:20.996534,42.27,3.66,False,,
2026-01-05 02:01:20.996534,92.27,0.92,False,7.10202987378713,safe
2026-01-05 02:10:20.996534,216.98,18.83,False,7.679520021073148,safe
2026-01-05 02:13:20.996534,71.63,,False,7.204791966053528,safe
2026-01-05 02:28:20.996534,149.7,25.15,False,7.841144932589463,safe
2026-01-05 02:41:20.996534,166.86,0.0,True,9.488217913530743,warning: basic
2026-01-05 02:45:20.996534,47.3,184.18,False,10.092565376364195,warning: basic
2026-01-05 02:56:20.996534,101.13,0.0,False,7.037448698698617,safe
2026-01-05 03:02:20.996534,145.38,,False,9.069690822932158,warning: basic
2026-01-05 03:18:20.996534,141.45,4.23,False,7.381792508362469,safe
2026-01-05 03:22:20.996534,1478.46,4.55,False,8.207603188776174,safe
2026-01-05 03:40:20.996534,184.17,2.85,False,8.09515748418677,safe
2026-01-05 03:50:20.996534,1385.88,5.79,False,,
2026-01-05 04:02:20.996534,143.38,150.84,False,6.214305663157357,safe
2026-01-05 04:12:20.996534,118.55,1.01,False,4.664402895840173,warning: acidic
2026-01-05 04:15:20.996534,98.81,19.74,False,8.141341489614874,safe
2026-01-05 04:27:20.996534,308.23,23.09,True,7.971711578513591,safe
2026-01-05 04:38:20.996534,1208.0,1.28,False,6.903956429717459,safe
2026-01-05 04:43:20.996534,178.9,,False,,
2026-01-05 05:02:20.996534,156.38,2.74,False,4.586782408924217,warning: acidic
2026-01-05 05:07:20.996534,56.07,6.07,False,8.444800664178,safe
2026-01-05 05:21:20.996534,164.73,97.47,False,6.72637960285574,safe
2026-01-05 05:27:20.996534,1421.32,1.76,False,7.134461414094317,safe
2026-01-05 05:42:20.996534,189.12,,False,7.680580673306022,safe
2026-01-05 05:43:20.996534,90.21,4.54,False,7.385281630741748,safe
2026-01-05 05:56:20.996534,132.67,,False,8.424180919909151,safe
2026-01-05 06:10:20.996534,83.68,6.89,False,7.718056143041403,safe
2026-01-05 06:16:20.996534,61.51,10.89,False,8.174037526440406,safe
2026-01-05 06:32:20.996534,161.71,0.24,False,8.243675510098491,safe
2026-01-05 06:38:20.996534,43.35,279.32,False,6.9147247397809455,safe
2026-01-05 06:47:20.996534,510.5,5.69,False,8.010294413795265,safe
2026-01-05 06:58:20.996534,917.8,2.7,False,6.784291342153357,safe
2026-01-05 07:06:20.996534,153.99,0.53,False,8.17196793201855,safe
2026-01-05 07:20:20.996534,285.67,1.73,False,8.499876612886839,safe
2026-01-05 07:24:20.996534,282.53,1.65,False,8.125396220722912,safe
2026-01-05 07:35:20.996534,55.55,237.86,False,7.740045245946757,safe
2026-01-05 07:48:20.996534,142.87,8.95,False,7.048491527915299,safe
2026-01-05 08:02:20.996534,83.64,0.76,False,7.285518490527632,safe
2026-01-05 08:08:20.996534,46.64,0.0,False,6.889494858028422,safe
2026-01-05 08:22:20.996534,87.98,11.07,False,6.988729779781701,safe
2026-01-05 08:24:20.996534,103.12,3.52,False,8.10174684436612,safe
2026-01-05 08:41:20.996534,313.36,1.38,False,6.879232713124585,safe
2026-01-05 08:51:20.996534,1086.25,59.02,False,7.730493721906029,safe
2026-01-05 08:56:20.996534,151.55,,False,11.029429272103343,warning: basic
2026-01-05 09:08:20.996534,1397.03,1.17,False,10.160793890397493,warning: basic
2026-01-05 09:20:20.996534,100.41,7.18,False,7.521589606809846,safe
2026-01-05 09:22:20.996534,123.66,4.62,False,9.635228824490836,warning: basic
2026-01-05 09:36:20.996534,431.8,2.42,False,10.086212736125903,warning: basic
2026-01-05 09:46:20.996534,89.81,4.37,False,5.519347791095927,warning: acidic
2026-01-05 09:55:20.996534,333.98,14.28,False,6.8186540201434065,safe
2026-01-05 10:08:20.996534,431.76,5.27,False,7.390702250720575,safe
2026-01-05 10:21:20.996534,1107.25,2.83,False,6.611471964417332,safe
2026-01-05 10:31:20.996534,271.62,2.93,False,6.855103692304183,safe
2026-01-05 10:42:20.996534,30.14,6.41,False,8.164437167897196,safe
2026-01-05 10:47:20.996534,68.25,1.72,False,6.523766708411931,safe
2026-01-05 10:59:20.996534,110.87,,False,,
2026-01-05 11:09:20.996534,488.04,1.85,False,9.746856020020909,warning: basic
2026-01-05 11:19:20.996534,33.84,4.12,False,6.819153915835909,safe
2026-01-05 11:32:20.996534,448.88,21.1,False,7.694887112076365,safe
2026-01-05 11:35:20.996534,220.71,,False,9.904438815631703,warning: basic
2026-01-05 11:50:20.996534,71.79,2.74,False,6.7743468547390115,safe
2026-01-05 11:59:20.996534,88.01,26.28,False,6.754282815965162,safe
2026-01-05 12:04:20.996534,473.12,10.07,False,,
2026-01-05 12:22:20.996534,109.51,0.0,False,,
2026-01-05 12:23:20.996534,1419.35,1.56,False,6.64683938019203,safe
2026-01-05 12:36:20.996534,87.95,100.27,False,7.395045323565064,safe
2026-01-05 12:50:20.996534,110.96,2.14,False,7.41112386440986,safe
2026-01-05 13:02:20.996534,84.54,0.45,False,5.385291972350799,warning: acidic
2026-01-05 13:12:20.996534,113.68,0.0,False,,
2026-01-05 13:21:20.996534,939.95,242.21,False,6.546609129441707,safe
2026-01-05 13:27:20.996534,139.92,7.42,False,,
2026-01-05 13:33:20.996534,124.09,1.43,False,9.406666122007131,warning: basic
2026-01-05 13:45:20.996534,111.87,3.01,False,10.504400360282174,warning: basic
2026-01-05 14:02:20.996534,193.5,110.78,False,7.9981910326153836,safe
2026-01-05 14:06:20.996534,60.74,0.68,False,7.051831136849536,safe
2026-01-05 14:15:20.996534,185.46,5.11,False,6.346324865785924,safe
2026-01-05 14:25:20.996534,77.0,,False,7.2633760794856235,safe
2026-01-05 14:34:20.996534,124.28,11.1,False,7.363428136640908,safe
2026-01-05 14:42:20.996534,472.82,,False,8.552987723704877,safe
2026-01-05 14:52:20.996534,1160.76,2.94,False,6.08068297215127,warning: acidic
2026-01-05 15:05:20.996534,122.37,13.73,False,6.631826569474289,safe
2026-01-05 15:19:20.996534,585.57,41.79,False,,
2026-01-05 15:31:20.996534,185.15,1.39,False,8.204256011006768,safe
2026-01-05 15:33:20.996534,66.38,19.0,False,7.661241844266312,safe
2026-01-05 15:49:20.996534,1188.53,2.96,False,8.394673345963287,safe
2026-01-05 15:58:20.996534,40.24,4.73,False,7.4025409501406605,safe
2026-01-05 16:12:20.996534,57.8,5.59,False,6.418684958767894,safe
2026-01-05 16:21:20.996534,111.3,2.53,False,3.9607713459662754,warning: acidic
2026-01-05 16:25:20.996534,112.11,2.32,False,4.435464250908324,warning: acidic
2026-01-05 16:38:20.996534,981.12,244.92,False,9.03132594310412,warning: basic
2026-01-05 16:49:20.996534,1458.79,2.61,False,6.588690284737655,safe
2026-01-05 16:58:20.996534,265.11,3.04,False,7.926109927430424,safe
2026-01-05 17:05:20.996534,95.81,24.1,False,7.195493160606155,safe
2026-01-05 17:14:20.996534,85.39,0.0,False,7.495803160226263,safe
2026-01-05 17:32:20.996534,613.54,1.85,False,6.506486206194795,safe
2026-01-05 17:32:20.996534,966.14,168.25,False,10.284491977171353,warning: basic
2026-01-05 17:43:20.996534,157.6,1.6,False,6.8301496892320746,safe
2026-01-05 17:58:20.996534,486.03,4.74,False,6.852078061725052,safe
2026-01-05 18:05:20.996534,34.46,5.89,False,10.16532098636427,warning: basic
2026-01-05 18:14:20.996534,1412.57,0.0,False,,
2026-01-05 18:30:20.996534,135.05,1.61,False,7.550003708863449,safe
2026-01-05 18:39:20.996534,81.05,10.05,False,,
2026-01-05 18:42:20.996534,89.9,18.17,False,8.032951813209445,safe
2026-01-05 19:00:20.996534,121.15,2.28,False,10.343939681856476,warning: basic
2026-01-05 19:05:20.996534,107.74,3.25,False,7.8709206618116285,safe
2026-01-05 19:13:20.996534,55.31,1.25,False,8.108497810513782,safe
2026-01-05 19:29:20.996534,85.14,17.84,False,10.200477398734549,warning: basic
2026-01-05 19:34:20.996534,87.6,0.92,False,8.184882374190979,safe
2026-01-05 19:49:20.996534,107.62,16.65,False,7.329455132812484,safe
2026-01-05 20:02:20.996534,162.54,84.85,False,6.341910926841982,safe
2026-01-05 20:10:20.996534,95.93,6.65,False,,
2026-01-05 20:20:20.996534,61.72,239.63,False,6.599117845840017,safe
2026-01-05 20:31:20.996534,1054.48,21.18,False,7.698525792868151,safe
2026-01-05 20:37:20.996534,1472.95,,False,6.860999732545601,safe
2026-01-05 20:49:20.996534,311.71,2.58,False,7.888976066179007,safe
2026-01-05 21:01:20.996534,125.67,1.97,False,6.741766196793183,safe
2026-01-05 21:10:20.996534,41.86,5.93,False,,
2026-01-05 21:18:20.996534,1088.53,2.56,False,4.537442497046241,warning: acidic
2026-01-05 21:30:20.996534,35.78,5.76,False,6.814015677782882,safe
2026-01-05 21:39:20.996534,91.61,1.38,False,7.827272777561784,safe
2026-01-05 21:44:20.996534,104.35,7.58,False,6.355108786281169,safe
2026-01-05 21:59:20.996534,122.51,103.69,False,7.492951540438284,safe
2026-01-05 22:09:20.996534,107.69,2.44,False,6.999297901353279,safe
2026-01-05 22:16:20.996534,1311.04,4.74,False,6.842072607774412,safe
2026-01-05 22:25:20.996534,73.59,7.36,False,6.962365621907313,safe
2026-01-05 22:42:20.996534,123.52,0.44,False,8.228383703520189,safe
2026-01-05 22:46:20.996534,74.73,4.22,False,8.308767696359274,safe
2026-01-05 23:00:20.996534,116.27,,False,7.559145320946378,safe
2026-01-05 23:09:20.996534,57.55,0.1,False,8.082768369209957,safe
2026-01-05 23:22:20.996534,75.75,2.31,False,8.75376908475207,safe
2026-01-05 23:25:20.996534,128.13,132.68,False,4.8809474474462,warning: acidic
2026-01-05 23:36:20.996534,108.6,4.65,False,8.14362456467939,safe
2026-01-05 23:49:20.996534,81.05,2.14,False,7.919965947223874,safe
2026-01-05 23:53:20.996534,95.54,10.3,False,8.46100560718765,safe
2026-01-06 00:06:20.996534,56.99,4.12,False,6.629854215444474,safe
2026-01-06 00:15:20.996534,176.52,5.6,False,8.108743495154059,safe
2026-01-06 00:26:20.996534,197.91,22.08,True,7.061081024474032,safe
2026-01-06 00:37:20.996534,64.72,281.39,False,8.454032319700914,safe
2026-01-06 00:47:20.996534,1268.88,4.29,False,8.100287039407336,safe
2026-01-06 01:00:20.996534,76.35,2.87,False,4.5417370261960315,warning: acidic
2026-01-06 01:03:20.996534,170.57,23.35,False,8.379505026773746,safe
2026-01-06 01:14:20.996534,115.42,2.69,False,8.506743600249214,safe
2026-01-06 01:24:20.996534,186.56,2.72,False,7.946009673106726,safe
2026-01-06 01:35:20.996534,246.46,0.47,False,8.239238977491453,safe
2026-01-06 01:48:20.996534,251.78,15.71,False,6.851940060753239,safe
2026-01-06 01:54:20.996534,470.92,0.44,True,6.629582467706694,safe
2026-01-06 02:05:20.996534,393.14,2.5,False,7.497619956452813,safe
2026-01-06 02:13:20.996534,124.66,0.5,False,7.059347800459146,safe
2026-01-06 02:28:20.996534,120.33,2.86,False,8.430602367427708,safe
2026-01-06 02:38:20.996534,116.98,11.32,False,6.626421100776875,safe
2026-01-06 02:47:20.996534,40.23,1.79,False,,
2026-01-06 03:00:20.996534,61.5,279.56,False,9.889115631884879,warning: basic
2026-01-06 03:09:20.996534,80.42,4.49,False,7.675193478792404,safe
2026-01-06 03:18:20.996534,76.11,22.92,False,8.487805208840335,safe
2026-01-06 03:22:20.996534,1483.38,2.54,False,7.709213327620632,safe
2026-01-06 03:35:20.996534,152.49,196.23,False,4.970709235790813,warning: acidic
2026-01-06 03:48:20.996534,64.47,0.2,False,,
2026-01-06 03:58:20.996534,186.4,171.21,False,7.389142906966551,safe
2026-01-06 04:11:20.996534,49.67,2.56,False,7.935970834249526,safe
2026-01-06 04:12:20.996534,94.6,106.44,False,7.902050921180842,safe
2026-01-06 04:31:20.996534,135.65,1.38,False,6.701400056330259,safe
2026-01-06 04:38:20.996534,873.21,3.19,True,9.253737394727523,warning: basic
2026-01-06 04:49:20.996534,344.38,0.0,False,7.164053840152599,safe
2026-01-06 04:52:20.996534,132.35,125.99,False,8.393250060127643,safe
2026-01-06 05:07:20.996534,138.39,99.95,False,5.663854135034265,warning: acidic
2026-01-06 05:16:20.996534,183.03,2.28,False,11.101007730815201,warning: basic
2026-01-06 05:28:20.996534,61.49,9.85,False,6.990094949972561,safe
2026-01-06 05:38:20.996534,66.57,4.09,False,8.11188123821345,safe
2026-01-06 05:50:20.996534,138.52,2.51,False,7.889470041831752,safe
2026-01-06 06:00:20.996534,828.22,18.11,False,7.769067214704654,safe
2026-01-06 06:11:20.996534,106.36,17.46,False,7.67269039689094,safe
2026-01-06 06:15:20.996534,402.29,15.79,False,10.049096158319871,warning: basic
2026-01-06 06:29:20.996534,81.68,14.65,False,7.546296598483449,safe
2026-01-06 06:35:20.996534,98.35,5.61,False,7.0879539257277475,safe
2026-01-06 06:46:20.996534,96.89,21.97,False,6.685095584495076,safe
2026-01-06 06:58:20.996534,151.61,2.06,False,7.638098573490768,safe
2026-01-06 07:09:20.996534,521.23,0.0,False,10.500437003987395,warning: basic
2026-01-06 07:12:20.996534,40.38,2.04,False,7.319400633295493,safe
2026-01-06 07:28:20.996534,130.96,13.21,False,7.979942137363929,safe
2026-01-06 07:37:20.996534,159.49,1.1,False,7.851705867236976,safe
2026-01-06 07:52:20.996534,175.66,2.55,False,7.784075309602606,safe
2026-01-06 08:02:20.996534,186.87,1.86,False,7.474549644437656,safe
2026-01-06 08:08:20.996534,368.0,0.0,False,8.487394369423066,safe
2026-01-06 08:14:20.996534,558.55,4.82,False,8.07571301400587,safe
2026-01-06 08:29:20.996534,58.68,4.85,False,6.70503856952962,safe
2026-01-06 08:34:20.996534,77.84,24.61,False,7.558447817173894,safe
2026-01-06 08:51:20.996534,54.07,1.0,False,6.705655981607698,safe
2026-01-06 09:00:20.996534,59.28,59.36,False,8.108747756771585,safe
2026-01-06 09:02:20.996534,42.56,30.91,False,10.948773539949942,warning: basic
2026-01-06 09:18:20.996534,96.42,264.25,True,5.654830256100745,warning: acidic
2026-01-06 09:31:20.996534,93.58,0.0,False,8.152244705135638,safe
2026-01-06 09:41:20.996534,46.73,4.8,False,7.449915940376726,safe
2026-01-06 09:52:20.996534,352.26,20.57,False,5.135016771697198,warning: acidic
2026-01-06 09:52:20.996534,113.86,3.69,False,8.513870134175301,safe
2026-01-06 10:03:20.996534,205.27,146.88,False,7.457947566454713,safe
2026-01-06 10:22:20.996534,56.3,0.27,False,6.766834946753796,safe
2026-01-06 10:28:20.996534,82.78,0.4,False,,
2026-01-06 10:34:20.996534,45.26,13.57,False,8.335255223744234,safe
2026-01-06 10:49:20.996534,115.81,11.97,False,6.664203525930905,safe
2026-01-06 10:54:20.996534,265.5,5.5,False,7.662872241819768,safe
2026-01-06 11:02:20.996534,162.83,1.63,True,7.1885853863431395,safe
2026-01-06 11:16:20.996534,343.54,2.31,False,6.882320498309407,safe
2026-01-06 11:28:20.996534,1096.58,1.62,False,8.046950692349764,safe
2026-01-06 11:37:20.996534,78.92,6.84,False,7.772652061775322,safe
2026-01-06 11:45:20.996534,100.99,1.05,False,10.557157029308373,warning: basic
2026-01-06 11:59:20.996534,92.03,119.38,False,8.130663267455601,safe
2026-01-06 12:07:20.996534,11.85,86.88,False,7.212419490936331,safe
2026-01-06 12:17:20.996534,104.28,,False,5.571722539642577,warning: acidic
2026-01-06 12:28:20.996534,166.69,5.34,False,9.604557175976373,warning: basic
2026-01-06 12:36:20.996534,179.72,199.0,False,7.885332984331457,safe
2026-01-06 12:48:20.996534,60.23,166.42,False,7.890555880870289,safe
2026-01-06 12:56:20.996534,82.07,163.43,False,8.485676812755818,safe
2026-01-06 13:03:20.996534,152.08,61.89,False,7.739535383530328,safe
2026-01-06 13:19:20.996534,109.32,4.87,False,7.651812569130502,safe
2026-01-06 13:22:20.996534,152.93,3.09,False,10.685432042051666,warning: basic
2026-01-06 13:40:20.996534,103.29,0.0,False,9.590079233040903,warning: basic
2026-01-06 13:42:20.996534,110.8,12.28,False,7.833606118093401,safe
2026-01-06 13:57:20.996534,68.08,0.0,False,7.616023559039031,safe
2026-01-06 14:05:20.996534,50.96,0.8,False,7.008061560762326,safe
2026-01-06 14:22:20.996534,65.9,102.8,False,7.849755429044312,safe
2026-01-06 14:23:20.996534,284.51,24.83,False,,
2026-01-06 14:42:20.996534,121.55,10.54,False,3.8528530493458883,warning: acidic
2026-01-06 14:42:20.996534,116.47,12.56,False,8.39840871753901,safe
2026-01-06 14:52:20.996534,1401.86,0.0,False,6.612731081705942,safe
2026-01-06 15:05:20.996534,119.39,1.36,True,7.831619414194348,safe
2026-01-06 15:15:20.996534,820.67,0.3,False,8.552457341606292,safe
2026-01-06 15:22:20.996534,190.21,130.97,False,8.289445257102114,safe
2026-01-06 15:41:20.996534,59.96,6.54,False,8.039602882592495,safe
2026-01-06 15:44:20.996534,75.92,11.43,False,11.06180705982516,warning: basic
2026-01-06 15:55:20.996534,108.85,0.34,False,7.670507472117411,safe
2026-01-06 16:04:20.996534,164.25,1.31,False,6.892927017555098,safe
2026-01-06 16:19:20.996534,57.55,2.82,False,6.957231902961049,safe
2026-01-06 16:32:20.996534,50.03,2.69,False,7.973437178028332,safe
2026-01-06 16:33:20.996534,115.62,1.06,False,8.32748767779539,safe
2026-01-06 16:51:20.996534,49.52,3.13,False,7.909119810840748,safe
2026-01-06 16:55:20.996534,964.63,22.73,False,8.08446536081578,safe
2026-01-06 17:09:20.996534,64.58,2.0,False,4.924953416781254,warning: acidic
2026-01-06 17:16:20.996534,151.29,2.23,False,4.593541239100998,warning: acidic
2026-01-06 17:27:20.996534,877.26,0.0,False,7.661225349363745,safe
2026-01-06 17:34:20.996534,615.89,10.77,False,8.024490877381893,safe
2026-01-06 17:51:20.996534,596.67,17.8,False,,
2026-01-06 18:01:20.996534,148.82,6.77,False,7.729833157012288,safe
2026-01-06 18:03:20.996534,325.44,0.37,False,7.210256197523145,safe
2026-01-06 18:14:20.996534,329.25,0.74,False,6.8973203563622265,safe
2026-01-06 18:26:20.996534,1084.11,9.1,False,7.058105405062393,safe
2026-01-06 18:33:20.996534,75.76,3.11,False,5.723079463375074,warning: acidic
2026-01-06 18:51:20.996534,61.61,0.67,True,7.222801301163091,safe
2026-01-06 18:52:20.996534,133.54,,False,6.854862967424589,safe
2026-01-06 19:06:20.996534,102.89,22.43,False,6.957716473645507,safe
2026-01-06 19:21:20.996534,1520.27,5.92,False,5.660672300951633,warning: acidic
2026-01-06 19:32:20.996534,51.2,5.75,False,8.56063758265571,safe
2026-01-06 19:38:20.996534,1044.92,0.32,False,8.447689191466097,safe
2026-01-06 19:48:20.996534,158.34,16.48,False,6.793317290630947,safe
2026-01-06 19:55:20.996534,63.4,2.94,False,5.382075998759774,warning: acidic
2026-01-06 20:03:20.996534,104.42,2.9,False,8.051415456470806,safe
2026-01-06 20:21:20.996534,79.59,288.0,False,8.04029326572479,safe
2026-01-06 20:32:20.996534,132.95,0.73,False,7.812646123342384,safe
2026-01-06 20:35:20.996534,54.16,4.34,False,8.132187993636618,safe
2026-01-06 20:43:20.996534,485.45,3.79,False,6.7488591890319105,safe
2026-01-06 20:56:20.996534,71.23,1.6,False,6.81387674095937,safe
2026-01-06 21:12:20.996534,131.08,1.12,False,8.465740931354635,safe
2026-01-06 21:21:20.996534,138.21,1.36,False,6.689493748925571,safe
2026-01-06 21:23:20.996534,118.9,,False,7.356832809298583,safe
2026-01-06 21:41:20.996534,495.35,11.41,False,7.281277257709758,safe
2026-01-06 21:42:20.996534,72.35,3.35,False,6.690414455489539,safe
2026-01-06 21:57:20.996534,58.34,6.13,False,7.8187602609298885,safe
2026-01-06 22:10:20.996534,118.18,240.77,False,8.508998770310981,safe
2026-01-06 22:18:20.996534,101.02,,False,8.14738019110365,safe
2026-01-06 22:32:20.996534,108.62,11.72,False,6.559838878087016,safe
2026-01-06 22:37:20.996534,442.36,3.36,True,,
2026-01-06 22:43:20.996534,111.37,2.03,False,10.613613878095382,warning: basic
2026-01-06 23:00:20.996534,53.53,0.82,False,7.677804718068352,safe
2026-01-06 23:12:20.996534,65.58,6.93,False,5.970433503321911,warning: acidic
2026-01-06 23:17:20.996534,143.61,5.39,False,8.3785252675317,safe
2026-01-06 23:22:20.996534,104.56,0.8,False,7.179796172767894,safe
2026-01-06 23:38:20.996534,390.88,232.94,False,6.712507217630495,safe
2026-01-06 23:49:20.996534,41.96,3.39,False,,
2026-01-06 23:53:20.996534,124.13,2.43,False,7.890552670464588,safe
2026-01-07 00:08:20.996534,113.96,2.81,False,7.498877013802931,safe
2026-01-07 00:17:20.996534,561.06,0.0,False,8.268116382887941,safe
2026-01-07 00:32:20.996534,101.41,2.03,False,7.37849934140727,safe
2026-01-07 00:39:20.996534,97.52,24.46,False,8.291240404186384,safe
2026-01-07 00:44:20.996534,118.9,,False,6.662851837829381,safe
2026-01-07 00:58:20.996534,66.12,20.72,False,9.989925172570251,warning: basic
2026-01-07 01:04:20.996534,579.83,7.46,False,6.766798856453294,safe
2026-01-07 01:20:20.996534,142.91,24.8,False,6.793528147287499,safe
2026-01-07 01:32:20.996534,61.88,0.0,False,7.261121099227131,safe
2026-01-07 01:36:20.996534,148.02,2.51,False,7.634181826517123,safe
2026-01-07 01:51:20.996534,113.67,1.21,False,5.449084500798382,warning: acidic
2026-01-07 02:00:20.996534,179.69,3.85,False,7.569447742978085,safe
2026-01-07 02:09:20.996534,1103.25,2.83,False,6.657762551577961,safe
2026-01-07 02:19:20.996534,399.08,1.46,False,7.8538272550735275,safe
2026-01-07 02:28:20.996534,93.38,8.23,False,8.298214873349421,safe
2026-01-07 02:41:20.996534,1005.11,4.29,False,7.433390932360426,safe
2026-01-07 02:46:20.996534,90.88,2.84,False,5.7688785848819215,warning: acidic
2026-01-07 02:57:20.996534,130.24,6.32,False,7.465314306255912,safe
2026-01-07 03:05:20.996534,109.83,286.53,False,7.862513174842825,safe
2026-01-07 03:13:20.996534,84.4,2.97,False,6.5979159781857515,safe
2026-01-07 03:26:20.996534,442.17,8.75,False,9.955311585816652,warning: basic
2026-01-07 03:39:20.996534,131.07,3.77,False,8.354056644630399,safe
2026-01-07 03:45:20.996534,79.02,2.58,False,9.302798553136311,warning: basic
2026-01-07 03:59:20.996534,916.78,2.49,False,7.946052961790001,safe
2026-01-07 04:11:20.996534,438.63,0.0,False,,
2026-01-07 04:21:20.996534,84.68,0.02,False,8.443780727654438,safe
2026-01-07 04:32:20.996534,84.24,3.35,False,6.704054131706647,safe
2026-01-07 04:38:20.996534,129.43,,False,7.536086519009178,safe
2026-01-07 04:47:20.996534,83.98,3.86,False,7.171238966865878,safe
2026-01-07 04:52:20.996534,88.1,67.74,False,6.562685190678713,safe
2026-01-07 05:09:20.996534,73.0,1.05,False,7.838937099750683,safe
2026-01-07 05:17:20.996534,915.48,0.0,False,7.910361504672947,safe
2026-01-07 05:24:20.996534,69.79,16.62,False,8.35917670186608,safe
2026-01-07 05:39:20.996534,519.23,77.61,False,6.782834187408817,safe
2026-01-07 05:45:20.996534,112.94,156.88,False,7.62023430112132,safe
2026-01-07 05:57:20.996534,79.04,1.25,False,7.9825697475406,safe
2026-01-07 06:06:20.996534,66.1,1.85,False,11.066520745377604,warning: basic
2026-01-07 06:17:20.996534,36.72,4.3,False,7.257590124789187,safe
2026-01-07 06:26:20.996534,93.07,21.5,False,8.559185699483951,safe
2026-01-07 06:41:20.996534,432.59,0.18,False,6.530686743222869,safe
2026-01-07 06:46:20.996534,21.22,17.99,False,7.075054648748868,safe
2026-01-07 07:00:20.996534,133.75,2.27,False,7.332862835819739,safe
2026-01-07 07:02:20.996534,402.81,2.59,False,8.219749598317811,safe
2026-01-07 07:20:20.996534,105.49,2.68,False,8.180713360241285,safe
2026-01-07 07:25:20.996534,129.3,162.63,False,7.297633925473059,safe
2026-01-07 07:33:20.996534,1490.23,0.2,False,7.953561308812579,safe
2026-01-07 07:45:20.996534,75.76,5.48,False,6.704594539595875,safe
2026-01-07 07:58:20.996534,78.17,,False,7.25502599893183,safe
2026-01-07 08:09:20.996534,63.26,,False,7.285480040477051,safe
2026-01-07 08:20:20.996534,1142.74,1.16,False,7.630720252315606,safe
2026-01-07 08:25:20.996534,41.88,4.56,False,7.68599788940756,safe
2026-01-07 08:39:20.996534,92.61,3.76,False,8.007479120900342,safe
2026-01-07 08:52:20.996534,88.75,19.73,False,,
2026-01-07 08:59:20.996534,89.1,21.33,False,6.62974140273989,safe
2026-01-07 09:09:20.996534,102.37,4.57,False,7.255505372137294,safe
2026-01-07 09:12:20.996534,66.18,5.26,False,7.237330030012779,safe
2026-01-07 09:23:20.996534,93.38,21.09,False,6.442630509671017,safe
2026-01-07 09:36:20.996534,404.42,293.45,False,8.441190505563945,safe
2026-01-07 09:45:20.996534,104.18,176.71,False,6.5573481627843835,safe
2026-01-07 09:58:20.996534,65.08,22.97,False,8.024021019007185,safe
2026-01-07 10:05:20.996534,180.83,0.18,False,7.127169377877432,safe
2026-01-07 10:16:20.996534,89.48,117.41,False,9.146754392099638,warning: basic
2026-01-07 10:32:20.996534,123.9,,False,7.211997155250711,safe
2026-01-07 10:41:20.996534,1344.75,1.28,False,8.306428710466669,safe
2026-01-07 10:47:20.996534,90.19,3.0,False,7.857522476522706,safe
2026-01-07 10:59:20.996534,93.88,4.45,False,6.90635388729356,safe
2026-01-07 11:10:20.996534,101.62,0.38,False,8.18127815098806,safe
2026-01-07 11:20:20.996534,58.81,0.09,False,7.4696993017281565,safe
2026-01-07 11:27:20.996534,176.88,2.85,False,7.7287940136461035,safe
2026-01-07 11:38:20.996534,105.46,3.56,False,7.879310869723989,safe
2026-01-07 11:50:20.996534,129.71,,False,8.438752474818013,safe
2026-01-07 11:57:20.996534,1335.87,228.57,False,7.208121287627233,safe
2026-01-07 12:07:20.996534,135.27,6.18,False,7.586629488491613,safe
2026-01-07 12:19:20.996534,121.74,19.87,False,8.331138044967718,safe
2026-01-07 12:26:20.996534,268.05,3.7,False,9.365884014106156,warning: basic
2026-01-07 12:36:20.996534,552.41,5.21,False,,
2026-01-07 12:46:20.996534,82.15,0.0,False,7.737892290541804,safe
2026-01-07 12:55:20.996534,84.11,3.28,False,,
2026-01-07 13:03:20.996534,75.69,5.7,True,7.68134799203104,safe
2026-01-07 13:15:20.996534,100.61,4.45,False,10.91542974919803,warning: basic
2026-01-07 13:27:20.996534,45.68,0.82,False,8.498191404109708,safe
2026-01-07 13:33:20.996534,115.43,2.71,False,,
2026-01-07 13:50:20.996534,854.55,219.21,False,8.442509561018372,safe
2026-01-07 13:54:20.996534,37.25,237.14,False,7.50060774291223,safe
2026-01-07 14:05:20.996534,799.3,4.25,False,10.141618977496124,warning: basic
2026-01-07 14:15:20.996534,168.61,,False,6.52972110621148,safe
2026-01-07 14:29:20.996534,63.52,4.17,False,7.328027662454399,safe
2026-01-07 14:36:20.996534,129.0,5.21,False,6.272454382222049,safe
2026-01-07 14:51:20.996534,87.93,3.59,False,6.897329087385257,safe
2026-01-07 15:00:20.996534,1116.61,,False,4.40744911618696,warning: acidic
2026-01-07 15:11:20.996534,1227.54,2.66,False,7.964331002691772,safe
2026-01-07 15:16:20.996534,165.33,191.37,False,8.335321380370123,safe
2026-01-07 15:23:20.996534,52.0,23.21,False,9.109421851533483,warning: basic
2026-01-07 15:35:20.996534,40.85,5.77,False,9.76406997270996,warning: basic
2026-01-07 15:46:20.996534,463.63,4.35,False,6.906735454063493,safe
2026-01-07 15:55:20.996534,120.85,4.62,False,6.661173054060576,safe
2026-01-07 16:07:20.996534,190.58,97.2,False,7.871028994571312,safe
2026-01-07 16:14:20.996534,134.28,0.39,False,,
2026-01-07 16:26:20.996534,131.53,107.43,False,,
2026-01-07 16:32:20.996534,101.81,1.63,False,6.844908709462767,safe
2026-01-07 16:50:20.996534,94.22,0.0,False,11.23991817271187,warning: basic
2026-01-07 16:54:20.996534,101.04,3.55,False,7.775249849109276,safe
2026-01-07 17:06:20.996534,60.29,16.5,False,8.169236425276667,safe
2026-01-07 17:12:20.996534,163.45,20.67,False,7.152894753930736,safe
2026-01-07 17:22:20.996534,1342.03,1.22,False,5.110023031021393,warning: acidic
2026-01-07 17:40:20.996534,87.51,20.21,False,6.921078247032056,safe
2026-01-07 17:46:20.996534,80.72,2.63,False,7.9354917436322525,safe
2026-01-07 17:54:20.996534,94.6,8.84,False,7.896781676112903,safe
2026-01-07 18:12:20.996534,108.73,10.28,False,9.240521683904133,warning: basic
2026-01-07 18:19:20.996534,70.44,1.72,False,9.723490833645265,warning: basic
2026-01-07 18:23:20.996534,140.34,3.39,False,6.84401787372997,safe
2026-01-07 18:32:20.996534,134.34,130.79,False,7.932888695612566,safe
2026-01-07 18:51:20.996534,377.88,,False,7.597623201733438,safe
2026-01-07 18:56:20.996534,79.64,2.13,False,7.092607691166621,safe
2026-01-07 19:09:20.996534,158.13,251.5,False,4.284814275029952,warning: acidic
2026-01-07 19:19:20.996534,91.95,5.62,False,10.705026660317179,warning: basic
2026-01-07 19:29:20.996534,119.06,2.89,False,8.011976008459092,safe
2026-01-07 19:37:20.996534,129.0,3.47,False,8.138489237083567,safe
2026-01-07 19:44:20.996534,111.63,129.04,False,10.476533346245633,warning: basic
2026-01-07 19:52:20.996534,377.88,0.0,False,5.077038303195554,warning: acidic
2026-01-07 20:06:20.996534,123.08,10.47,False,7.709496820176101,safe
2026-01-07 20:19:20.996534,103.1,3.96,False,9.258621634835281,warning: basic
2026-01-07 20:23:20.996534,184.77,2.73,False,,
2026-01-07 20:33:20.996534,165.75,1.27,False,7.657174450777443,safe
2026-01-07 20:48:20.996534,60.78,0.0,False,7.159871718421214,safe
